id,name,model_id:id,group_id:id,perm_read,perm_write,perm_create,perm_unlink
access_collector_app_contract,collector_app.collector_contract,model_collector_contract,group_admin_collector,1,1,1,1
access_collector_app_task,collector_app.collector_task,model_collector_task,group_admin_collector,1,1,1,1
access_collector_app_desk_collector,collector_app.desk_collector,model_desk_collector,group_admin_collector,1,0,0,0
access_collector_app_task_status,collector_app.collector_task_status,model_collector_task_status,group_admin_collector,1,0,0,0
access_collector_app_task_history,collector_app.collector_task_history,model_collector_task_history,group_admin_collector,1,1,1,1
access_collector_app_collector_contract_payment_term,collector_app.collector_collector_contract_payment_term,model_collector_contract_payment_term,group_admin_collector,1,1,1,1
access_collector_app_task_payment,collector_app.collector_task_payment,model_collector_task_payment,group_admin_collector,1,0,1,0
access_collector_app_sale_branch,collector_app.collector_sale_branch,model_collector_contract_sale_branch,group_admin_collector,1,1,1,1
access_owner_business_unit,collector_app.collector_owner_business_unit,model_owner_business_unit,group_admin_collector,1,1,1,1
access_task_payment_method,collector_app.collector_task_payment_method,model_collector_task_payment_method,group_admin_collector,1,1,1,1
access_cash_transfer,collector_app.cash_transfer,model_cash_transfer,group_admin_collector,1,0,0,0
access_res_partner_admin_user,res_partner admin user,base.model_res_partner,group_admin_collector,1,1,1,0
access_res_users_admin_user,res_users admin_user,base.model_res_users,group_admin_collector,1,1,1,0
access_collector_app_contract_supervisor,collector_app.collector_contract_supervisor,model_collector_contract,group_supervisor_collector,1,1,1,1
access_collector_app_task_supervisor,collector_app.collector_task_supervisor,model_collector_task,group_supervisor_collector,1,1,1,1
access_collector_app_desk_collector_supervisor,collector_app.desk_collector_supervisor,model_desk_collector,group_supervisor_collector,1,1,1,1
access_collector_app_task_status_supervisor,collector_app.collector_task_status_supervisor,model_collector_task_status,group_supervisor_collector,1,0,0,0
access_collector_app_task_history_supervisor,collector_app.collector_task_history_supervisor,model_collector_task_history,group_supervisor_collector,1,1,1,1
access_collector_app_collector_contract_payment_term_supervisor,collector_app.collector_collector_contract_payment_term_supervisor,model_collector_contract_payment_term,group_supervisor_collector,1,1,1,1
access_collector_app_task_payment_supervisor,collector_app.collector_task_payment_supervisor,model_collector_task_payment,group_supervisor_collector,1,0,1,0
access_collector_app_sale_branch_supervisor,collector_app.collector_sale_branch_supervisor,model_collector_contract_sale_branch,group_supervisor_collector,1,1,1,1
access_owner_business_unit_supervisor,collector_app.collector_owner_business_unit_supervisor,model_owner_business_unit,group_supervisor_collector,1,1,1,1
access_task_payment_method_supervisor,collector_app.collector_task_payment_method_supervisor,model_collector_task_payment_method,group_supervisor_collector,1,1,1,1
access_cash_transfer_supervisor,collector_app.cash_transfer_supervisor,model_cash_transfer,group_supervisor_collector,1,0,0,0
access_res_partner_supervisor,res_partner supervisor,base.model_res_partner,group_supervisor_collector,1,1,1,0
access_res_users_supervisor,res_users supervisor,base.model_res_users,group_supervisor_collector,1,1,1,0
access_collector_app_contract_desk,collector_app.collector_contract_desk,model_collector_contract,group_desk_collector,1,1,1,1
access_collector_app_task_desk,collector_app.collector_task_desk,model_collector_task,group_desk_collector,1,1,1,1
access_collector_app_desk_collector_desk,collector_app.desk_collector_desk,model_desk_collector,group_desk_collector,1,1,1,1
access_collector_app_task_status_desk,collector_app.collector_task_status_desk,model_collector_task_status,group_desk_collector,1,0,0,0
access_collector_app_task_history_desk,collector_app.collector_task_history_desk,model_collector_task_history,group_desk_collector,1,1,1,1
access_collector_app_collector_contract_payment_term_desk,collector_app.collector_collector_contract_payment_term_desk,model_collector_contract_payment_term,group_desk_collector,1,1,1,1
access_collector_app_task_payment_desk,collector_app.collector_task_payment_desk,model_collector_task_payment,group_desk_collector,1,0,1,0
access_collector_app_sale_branch_desk,collector_app.collector_sale_branch_desk,model_collector_contract_sale_branch,group_desk_collector,1,1,1,1
access_owner_business_unit_desk,collector_app.collector_owner_business_unit_desk,model_owner_business_unit,group_desk_collector,1,1,1,1
access_task_payment_method_desk,collector_app.collector_task_payment_method_desk,model_collector_task_payment_method,group_desk_collector,1,1,1,1
access_cash_transfer_desk,collector_app.cash_transfer_desk,model_cash_transfer,group_desk_collector,1,0,0,0
access_res_partner_desk,res_partner desk_user,base.model_res_partner,group_desk_collector,1,1,1,0
access_res_users_desk,res_users desk_user,base.model_res_users,group_desk_collector,1,1,1,0
access_collector_app_contract_portal,collector_app.collector_contract_portal,model_collector_contract,base.group_portal,1,1,1,0
access_collector_app_task_portal,collector_app.collector_task_portal,model_collector_task,base.group_portal,1,1,1,0
access_collector_app_desk_collector_portal,collector_app.desk_collector_portal,model_desk_collector,base.group_portal,1,1,1,0
access_collector_app_task_status_portal,collector_app.collector_task_status_portal,model_collector_task_status,base.group_portal,1,0,0,0
access_collector_app_task_history_portal,collector_app.collector_task_history_portal,model_collector_task_history,base.group_portal,1,1,1,0
access_collector_app_collector_contract_payment_term_portal,collector_app.collector_collector_contract_payment_term_portal,model_collector_contract_payment_term,base.group_portal,1,1,1,0
access_collector_app_task_payment_portal,collector_app.collector_task_payment_portal,model_collector_task_payment,base.group_portal,1,1,1,0
access_collector_app_sale_branch_portal,collector_app.collector_sale_branch_portal,model_collector_contract_sale_branch,base.group_portal,1,1,1,0
access_owner_business_unit_portal,collector_app.collector_owner_business_unit_portal,model_owner_business_unit,base.group_portal,1,1,1,0
access_task_payment_method_portal,collector_app.collector_task_payment_method_portal,model_collector_task_payment_method,base.group_portal,1,1,1,0
access_cash_transfer_portal,collector_app.cash_transfer_portal,model_cash_transfer,base.group_portal,1,1,1,0
access_ir_sequence_group_user,ir_sequence group_portal,base.model_ir_sequence,base.group_portal,1,0,0,0
access_res_partner_group_user,res_partner group_portal,base.model_res_partner,base.group_portal,1,0,0,0
access_res_users_group_user,res_users group_portal,base.model_res_users,base.group_portal,1,0,0,0
access_ir_attachment_group_user,ir_attachment_group_portal,base.model_ir_attachment,base.group_portal,1,1,1,0
access_collector_app_contract_readonly,collector_app.collector_contract_readonly,model_collector_contract,group_readonly_user,1,0,0,0
access_collector_app_task_readonly,collector_app.collector_task_readonly,model_collector_task,group_readonly_user,1,0,0,0
access_collector_app_desk_collector_readonly,collector_app.desk_collector_readonly,model_desk_collector,group_readonly_user,1,0,0,0
access_collector_app_task_status_readonly,collector_app.collector_task_status_readonly,model_collector_task_status,group_readonly_user,1,0,0,0
access_collector_app_task_history_readonly,collector_app.collector_task_history_readonly,model_collector_task_history,group_readonly_user,1,0,0,0
access_collector_app_collector_contract_payment_term_readonly,collector_app.collector_collector_contract_payment_term_readonly,model_collector_contract_payment_term,group_readonly_user,1,0,0,0
access_collector_app_task_payment_readonly,collector_app.collector_task_payment_readonly,model_collector_task_payment,group_readonly_user,1,0,0,0
access_collector_app_sale_branch_readonly,collector_app.collector_sale_branch_readonly,model_collector_contract_sale_branch,group_readonly_user,1,0,0,0
access_owner_business_unit_readonly,collector_app.collector_owner_business_unit_readonly,model_owner_business_unit,group_readonly_user,1,0,0,0
access_task_payment_method_readonly,collector_app.collector_task_payment_method_readonly,model_collector_task_payment_method,group_readonly_user,1,0,0,0
access_cash_transfer_readonly,collector_app.cash_transfer_readonly,model_cash_transfer,group_readonly_user,1,0,0,0
access_res_partner_readonly,res_partner readonly_user,base.model_res_partner,group_readonly_user,1,0,0,0
access_res_users_readonly,res_users readonly_user,base.model_res_users,group_readonly_user,1,0,0,0
access_collector_app_task_status_group_system,collector_app.collector_task_status_group_system,model_collector_task_status,base.group_system,1,1,1,1
access_collector_monthly_collect_readonly,collector_monthly_collect group_show_monthly_collect,model_collector_monthly_collect,collector_app.group_show_monthly_collect,1,1,1,1
access_cash_transfer_create_delete,collector_app.cash_transfer_create_delete,model_cash_transfer,group_create_delete_cash_transfer,1,1,1,1
access_collector_app_task_payment_edit_delete,collector_app.collector_task_payment_edit_delete,model_collector_task_payment,group_edit_delete_cash_transfer,1,1,1,1
access_collector_app_task_discount,collector_app.collector_task_discount,model_collector_task_discount,group_admin_collector,1,1,1,0