<odoo>
    <data>

	<record model="ir.module.category" id="module_collector_app">
        <field name="name">Payment Collector</field>
        <field name="sequence">6</field>
    </record>

    <!-- Collector role -->
    <record model="ir.module.category" id="module_collector_role">
        <field name="name">collector user role</field>
        <field name="description">User role</field>
        <field name="sequence">0</field>
        <field name="parent_id" ref="collector_app.module_collector_app"/>
    </record>

    <record id="group_readonly_user" model="res.groups">
        <field name="name">Read Only User</field>
        <field name="category_id" ref="collector_app.module_collector_role"/>
    </record>

    <record id="group_admin_collector" model="res.groups">
        <field name="name">Admin</field>
        <field name="category_id" ref="collector_app.module_collector_role"/>
        <field name="implied_ids" eval="[(4, ref('collector_app.group_readonly_user'))]"/>
    </record>

    <!-- <record id="group_field_collector" model="res.groups">
        <field name="name">Field Collector</field>
        <field name="category_id" ref="collector_app.module_collector_role"/>
        <field name="implied_ids" eval="[(4, ref('collector_app.group_admin_collector'))]"/>
    </record> -->

    <record id="group_supervisor_collector" model="res.groups">
        <field name="name">Supervisor</field>
        <field name="category_id" ref="collector_app.module_collector_role"/>
        <!-- <field name="implied_ids" eval="[(4, ref('collector_app.group_field_collector'))]"/> -->
        <field name="implied_ids" eval="[(4, ref('collector_app.group_admin_collector'))]"/>
    </record>


    <record id="group_desk_collector" model="res.groups">
        <field name="name">Desk Collector</field>
        <field name="category_id" ref="collector_app.module_collector_role"/>
        <field name="implied_ids" eval="[(4, ref('collector_app.group_supervisor_collector'))]"/>
    </record>

    <record id="group_show_monthly_collect" model="res.groups">
        <field name="name">Show Collector Monthly Collect Menu</field>
    </record>

    <record id="group_create_delete_cash_transfer" model="res.groups">
        <field name="name">Allow to create and delete cash transfer</field>
    </record>
    <record id="group_edit_delete_cash_transfer" model="res.groups">
        <field name="name">Allow to edit and delete Task Payment</field>
    </record>

    <record model="res.groups" id="group_multi_currency">
        <field name="name">Multi Currencies</field>
    </record>

    </data>

    <data noupdate="1">
        <record model="ir.rule" id="collector_app.contract_rule">
            <field name="name">Contract Rules</field>
            <field name="model_id" ref="model_collector_contract"/>
            <field name="global" eval="True"/>
            <field name="domain_force">['|',('owner_bu', 'in', [g.id for g in user.owner_bu]),('owner_bu', '=', False)]</field>
        </record>
        <record model="ir.rule" id="collector_app.task_rule">
            <field name="name">Task Rules</field>
            <field name="model_id" ref="model_collector_task"/>
            <field name="global" eval="True"/>
            <field name="domain_force">['|',('contract_id.owner_bu.id', 'in', user.owner_bu.ids),('contract_id.owner_bu', '=', False)]
            </field>
        </record>
        <record model="ir.rule" id="collector_app.task_history_rule">
            <field name="name">Task History Rules</field>
            <field name="model_id" ref="model_collector_task_history"/>
            <field name="global" eval="True"/>
            <field name="domain_force">['|',('contract_id.owner_bu.id', 'in', user.owner_bu.ids),('contract_id.owner_bu.id', '=', False)]
            </field>
        </record>
        <record model="ir.rule" id="res_partner_portal_public_rule">
            <field name="name">res_partner: portal/public: read access on all partner</field>
            <field name="model_id" ref="base.model_res_partner"/>
            <field name="domain_force">[(1, '=', 1)]</field>
            <field name="groups" eval="[(4, ref('base.group_portal')), (4, ref('base.group_public'))]"/>
            <field name="perm_create" eval="False"/>
            <field name="perm_unlink" eval="False"/>
            <field name="perm_write" eval="False"/>
        </record>
    </data>
</odoo>
