<?xml version="1.0" encoding="utf-8"?>
<odoo>
    <data noupdate="1">

        <!-- Sequences for sale.order -->
        <record id="seq_task_model" model="ir.sequence">
            <field name="name">Task</field>
            <field name="code">collector.task</field>
            <field name="prefix">Task</field>
            <field name="padding">5</field>
            <field name="company_id" eval="False"/>
        </record>

        <record id="seq_task_payment_model" model="ir.sequence">
            <field name="name">Task Payment</field>
            <field name="code">collector.task.payment</field>
            <field name="prefix">Task</field>
            <field name="padding">5</field>
            <field name="company_id" eval="False"/>
        </record>

        <record id="seq_task_history_model" model="ir.sequence">
            <field name="name">Task History</field>
            <field name="code">collector.task.history</field>
             <field name="prefix">TH</field>
            <field name="padding">5</field>
            <field name="company_id" eval="False"/>
        </record>

        <record id="seq_cash_transfer_model" model="ir.sequence">
            <field name="name">Cash Transfer</field>
            <field name="code">cash.transfer</field>
            <field name="prefix">CashTransfer</field>
            <field name="padding">5</field>
            <field name="company_id" eval="False"/>
        </record>


        <record id="ir_cron_monthly_collect" model="ir.cron">
            <field name="name">Payment Collection: Monthly Collect</field>
            <field name="model_id" ref="model_collector_monthly_collect"/>
            <field name="state">code</field>
            <field name="code">model.collector_monthly_cron()</field>
            <field name="active" eval="True"/>
            <field name="user_id" ref="base.user_root"/>
            <field name="interval_number">1</field>
            <field name="interval_type">days</field>
            <field name="numbercall">-1</field>
            <field name="doall" eval="False"/>
        </record>


        <record id="ir_cron_amount_residual" model="ir.cron">
            <field name="name">Payment Collection: Calculate amount residual</field>
            <field name="model_id" ref="model_collector_task"/>
            <field name="state">code</field>
            <field name="code">model._get_payment_target_amt_residual()</field>
            <field name="active" eval="True"/>
            <field name="user_id" ref="base.user_root"/>
            <field name="interval_number">1</field>
            <field name="interval_type">days</field>
            <field name="numbercall">-1</field>
            <field name="doall" eval="False"/>
        </record>

    </data>
</odoo>
