<?xml version="1.0" encoding="utf-8"?>
<odoo>
    <data noupdate="1">

        <!-- task status data -->
        <record id="task_status_draft" model="collector.task.status">
            <field name="name">Draft</field>
            <field name="task_status">unschedule</field>
            <field name="stage_message">Default status when a task is created</field>
        </record>

        <record id="task_status_assigned" model="collector.task.status">
            <field name="name">Assigned</field>
            <field name="task_status">schedule</field>
            <field name="stage_message">Assigned to field collector but field collector has not accept or reject the task yet</field>
        </record>

        <record id="task_status_accept" model="collector.task.status">
            <field name="name">Accepted</field>
            <field name="task_status">accept</field>
            <field name="stage_message">Task accepted by field collector</field>
        </record>

        <record id="task_status_reject" model="collector.task.status">
            <field name="name">Rejected</field>
            <field name="task_status">rejected</field>
            <field name="stage_message">Task rejected by field collector</field>
        </record>

        <record id="task_status_close" model="collector.task.status">
            <field name="name">Lost Money</field>
            <field name="task_status">close</field>
            <field name="stage_message">Money Lost</field>
        </record>


        <!-- Call Category task status -->
        <record id="task_status_unavailable" model="collector.task.status">
            <field name="name">Unavailable</field>
            <field name="task_status">call</field>
            <field name="header_category">call</field>
            <field name="stage_message">Conditions (not available) selected while submitting</field>
        </record>

        <record id="task_status_fully_paid" model="collector.task.status">
            <field name="name">Fully paid</field>
            <field name="task_status">payment</field>
            <field name="header_category">call</field>
            <field name="stage_message">Get full payment through call. </field>
            <field name="done">True</field>
            <field name="lock">True</field>
        </record>

        <record id="task_status_partial_paid" model="collector.task.status">
            <field name="name">Partial paid</field>
            <field name="task_status">payment</field>
            <field name="header_category">call</field>
            <field name="stage_message">Get some payment through call</field>
        </record>

        <record id="task_status_reschedule" model="collector.task.status">
            <field name="name">Reschedule</field>
            <field name="task_status">reschedule</field>
            <field name="header_category">call</field>
            <field name="stage_message">Reschedule to new due date</field>
        </record>

        <record id="task_status_repossess" model="collector.task.status">
            <field name="name">Repossess</field>
            <field name="task_status">reschedule</field>
            <field name="header_category">call</field>
            <field name="stage_message">Repossess to new due date</field>
        </record>

        <record id="task_status_police" model="collector.task.status">
            <field name="name">Police case</field>
            <field name="task_status">legal</field>
            <field name="header_category">call</field>
        </record>

        <record id="task_status_legal" model="collector.task.status">
            <field name="name">Legal case</field>
            <field name="task_status">legal</field>
            <field name="header_category">call</field>
        </record>

        <!-- Visit Category  -->
        <record id="task_status_visit" model="collector.task.status">
            <field name="name">Unavailable</field>
            <field name="task_status">visit</field>
            <field name="header_category">visit</field>
        </record>

        <record id="task_status_fully_paid_visit" model="collector.task.status">
            <field name="name">Fully paid</field>
            <field name="task_status">payment</field>
            <field name="header_category">visit</field>
            <field name="stage_message">Get full payment through visit. </field>
            <field name="done">True</field>
            <field name="lock">True</field>
        </record>

        <record id="task_status_partial_paid_visit" model="collector.task.status">
            <field name="name">Partial paid</field>
            <field name="task_status">payment</field>
            <field name="header_category">visit</field>
            <field name="stage_message">Get some payment through visit</field>
        </record>

        <record id="task_status_reschedule_visit" model="collector.task.status">
            <field name="name">Reschedule</field>
            <field name="task_status">reschedule</field>
            <field name="header_category">visit</field>
            <field name="stage_message">Reschedule to new due date</field>
        </record>

        <record id="task_status_repossess_visit" model="collector.task.status">
            <field name="name">Repossess</field>
            <field name="task_status">reschedule</field>
            <field name="header_category">visit</field>
            <field name="stage_message">Repossess to new due date</field>
        </record>

        <record id="task_status_police_visit" model="collector.task.status">
            <field name="name">Police case</field>
            <field name="task_status">legal</field>
            <field name="header_category">visit</field>
        </record>

        <record id="task_status_legal_visit" model="collector.task.status">
            <field name="name">Legal case</field>
            <field name="task_status">legal</field>
            <field name="header_category">visit</field>
        </record>
    </data>
</odoo>
