id,name,model_id:id,group_id:id,perm_read,perm_write,perm_create,perm_unlink
access_collector_task_history_report,collector_app_report.collector_collector_task_history_report,model_collector_task_history_report,base.group_user,1,0,0,0
access_collector_task_report,collector_app_report.collector_collector_task_report,model_collector_task_report,base.group_user,1,0,0,0
access_collector_call_visit_achievement_report,collector_app_report.collector_call_visit_achievement_report,model_collector_call_visit_achievement_report,base.group_user,1,0,0,0
access_collector_task_amount_report,collector_app_report.collector_task_amount_report,model_collector_task_amount_report,base.group_user,1,0,0,0
access_collector_job_accept_collect_report,collector_app_report.collector_job_accept_collect_report,model_collector_job_accept_collect_report,base.group_user,1,0,0,0
access_collector_call_visit_report,collector_app_report.collector_call_visit_report,model_collector_visit_call_report,base.group_user,1,0,0,0
access_collector_customer_performance_report,collector_app_report.collector_customer_performance_report,model_collector_customer_performance_report,base.group_user,1,0,0,0
access_collector_visit_call_graph_report,collector_app_report.collector_visit_call_graph_report,model_collector_visit_call_graph_report,base.group_user,1,0,0,0
access_target_od_total_actual_report,collector_app_report.target_od_actual_collected_graph_report,model_target_od_actual_collected_report,base.group_user,1,0,0,0
access_collector_overdue_task_report,collector_app_report.collector_overdue_task_graph_report,model_collector_overdue_task,base.group_user,1,0,0,0
access_collector_collection_task_report,collector_app_report.collector_collection_task_graph_report,model_collector_collection_task,base.group_user,1,0,0,0
access_collector_task_payment_amount_report,collector_app_report.collector_task_payment_amount_report,model_collector_task_payment_amount_report,base.group_user,1,0,0,0
access_collector_visit_pivot_report,collector_app_report.collector_visit_pivot_report,model_collector_visit_pivot_report,base.group_user,1,0,0,0
access_collector_call_pivot_report,collector_app_report.collector_call_pivot_report,model_collector_call_pivot_report,base.group_user,1,0,0,0
access_collector_visit_graph_report,collector_app_report.collector_visit_graph_report,model_collector_visit_graph_report,base.group_user,1,0,0,0
access_visit_achievement_graph_report,collector_app_report.visit_achievement_graph_report,model_collector_visit_achievement_graph_report,base.group_user,1,0,0,0
access_call_achievement_graph_report,collector_app_report.call_achievement_graph_report,model_collector_call_achievement_graph_report,base.group_user,1,0,0,0
access_visit_achievement_pivot_report,collector_app_report.visit_achievement_pivot_report,model_collector_visit_achievement_pivot_report,base.group_user,1,0,0,0
