<odoo>
<data noupdate="1">
    <record model="ir.rule" id="ir_attachment_portal_user_rule">
        <field name="name">ir_attachment: portal: read access on all attachment</field>
        <field name="model_id" ref="base.model_ir_attachment"/>
        <field name="domain_force">[(1, '=', 1)]</field>
        <field name="groups" eval="[(6, ref('base.group_portal'))]"/>
        <field name="perm_read" eval="True"/>
        <field name="perm_create" eval="True"/>
        <field name="perm_unlink" eval="False"/>
        <field name="perm_write" eval="True"/>
    </record>
</data>
</odoo>